1000,283812,хлоропирамин,хлоропирамин,3213
1001,283812,хлоропирамин,хлоропирамин,3213
1002,283812,хлоропирамин,хлоропирамин,3213
1003,283812,хлоропирамин,хлоропирамин,3213
1004,283812,хлоропирамин,хлоропирамин,3213
1005,283812,хлоропирамин,хлоропирамин,3213
1006,283812,хлоропирамин,хлоропирамин,3213
1007,283812,хлоропирамин,хлоропирамин,3213
1008,283812,хлоропирамин,хлоропирамин,3213
1009,283812,хлоропирамин,хлоропирамин,3213
1010,283812,хлоропирамин,хлоропирамин,3213
1011,283812,хлоропирамин,хлоропирамин,3213
1012,283812,хлоропирамин,хлоропирамин,3213
1013,283812,хлоропирамин,хлоропирамин,3213
1014,283812,хлоропирамин,хлоропирамин,3213
1015,283812,хлоропирамин,хлоропирамин,3213
1016,283812,хлоропирамин,хлоропирамин,3213
1017,283812,хлоропирамин,хлоропирамин,3213
1018,283812,хлоропирамин,хлоропирамин,3213
1019,283812,хлоропирамин,хлоропирамин,3213
1020,283812,хлоропирамин,хлоропирамин,3213
1021,283812,хлоропирамин,хлоропирамин,3213
1022,283812,хлоропирамин,хлоропирамин,3213
1023,283812,хлоропирамин,хлоропирамин,3213
1024,283812,хлоропирамин,хлоропирамин,3213
1025,283812,хлоропирамин,хлоропирамин,3213
1026,283812,хлоропирамин,хлоропирамин,3213
1027,283812,хлоропирамин,хлоропирамин,3213
1028,283812,хлоропирамин,хлоропирамин,3213
1029,283812,хлоропирамин,хлоропирамин,3213
1030,283812,хлоропирамин,хлоропирамин,3213
1031,283812,хлоропирамин,хлоропирамин,3213
1032,283812,хлоропирамин,хлоропирамин,3213
1033,283812,хлоропирамин,хлоропирамин,3213
1034,283812,хлоропирамин,хлоропирамин,3213
1035,283812,хлоропирамин,хлоропирамин,3213
1036,283812,хлоропирамин,хлоропирамин,3213
1037,283812,хлоропирамин,хлоропирамин,3213
1038,283812,хлоропирамин,хлоропирамин,3213
1039,283812,хлоропирамин,хлоропирамин,3213
1040,283812,хлоропирамин,хлоропирамин,3213
1041,283812,хлоропирамин,хлоропирамин,3213
1042,283812,хлоропирамин,хлоропирамин,3213
1043,283812,хлоропирамин,хлоропирамин,3213
1044,283812,хлоропирамин,хлоропирамин,3213
1045,283812,хлоропирамин,хлоропирамин,3213
1046,283812,хлоропирамин,хлоропирамин,3213
1047,283812,хлоропирамин,хлоропирамин,3213
1048,283812,хлоропирамин,хлоропирамин,3213
1049,283812,хлоропирамин,хлоропирамин,3213
1050,283812,хлоропирамин,хлоропирамин,3213
1051,283812,хлоропирамин,хлоропирамин,3213
1052,283812,хлоропирамин,хлоропирамин,3213
1053,283812,хлоропирамин,хлоропирамин,3213
1054,283812,хлоропирамин,хлоропирамин,3213
1055,283812,хлоропирамин,хлоропирамин,3213
1056,283812,хлоропирамин,хлоропирамин,3213
1057,283812,хлоропирамин,хлоропирамин,3213
1058,283812,хлоропирамин,хлоропирамин,3213
1059,283812,хлоропирамин,хлоропирамин,3213
1060,283812,хлоропирамин,хлоропирамин,3213
1061,283812,хлоропирамин,хлоропирамин,3213
1062,283812,хлоропирамин,хлоропирамин,3213
1063,283812,хлоропирамин,хлоропирамин,3213
1064,283812,хлоропирамин,хлоропирамин,3213
1065,283812,хлоропирамин,хлоропирамин,3213
1066,283812,хлоропирамин,хлоропирамин,3213
1067,283812,хлоропирамин,хлоропирамин,3213
1068,283812,хлоропирамин,хлоропирамин,3213
1069,283812,хлоропирамин,хлоропирамин,3213
1070,283812,хлоропирамин,хлоропирамин,3213
1071,283812,хлоропирамин,хлоропирамин,3213
1072,283812,хлоропирамин,хлоропирамин,3213
1073,283812,хлоропирамин,хлоропирамин,3213
1074,283812,хлоропирамин,хлоропирамин,3213
1075,283812,хлоропирамин,хлоропирамин,3213
1076,283812,хлоропирамин,хлоропирамин,3213
1077,283812,хлоропирамин,хлоропирамин,3213
1078,283812,хлоропирамин,хлоропирамин,3213
1079,283812,хлоропирамин,хлоропирамин,3213
1080,283812,хлоропирамин,хлоропирамин,3213
1081,283812,хлоропирамин,хлоропирамин,3213
1082,283812,хлоропирамин,хлоропирамин,3213
1083,283812,хлоропирамин,хлоропирамин,3213
1084,283812,хлоропирамин,хлоропирамин,3213
1085,283812,хлоропирамин,хлоропирамин,3213
1086,283812,хлоропирамин,хлоропирамин,3213
1087,283812,хлоропирамин,хлоропирамин,3213
1088,283812,хлоропирамин,хлоропирамин,3213
1089,283812,хлоропирамин,хлоропирамин,3213
1090,283812,хлоропирамин,хлоропирамин,3213
1091,283812,хлоропирамин,хлоропирамин,3213
1092,283812,хлоропирамин,хлоропирамин,3213
1093,283812,хлоропирамин,хлоропирамин,3213
1094,283812,хлоропирамин,хлоропирамин,3213
1095,283812,хлоропирамин,хлоропирамин,3213
1096,283812,хлоропирамин,хлоропирамин,3213
1097,283812,хлоропирамин,хлоропирамин,3213
1098,283812,хлоропирамин,хлоропирамин,3213
1099,283812,хлоропирамин,хлоропирамин,3213
1100,283812,хлоропирамин,хлоропирамин,3213
1101,283812,хлоропирамин,хлоропирамин,3213
1102,283812,хлоропирамин,хлоропирамин,3213
1103,283812,хлоропирамин,хлоропирамин,3213
1104,283812,хлоропирамин,хлоропирамин,3213
1105,283812,хлоропирамин,хлоропирамин,3213
1106,283812,хлоропирамин,хлоропирамин,3213
1107,283812,хлоропирамин,хлоропирамин,3213
1108,283812,хлоропирамин,хлоропирамин,3213
1109,283812,хлоропирамин,хлоропирамин,3213
1110,283812,хлоропирамин,хлоропирамин,3213
1111,283812,хлоропирамин,хлоропирамин,3213
1112,283812,хлоропирамин,хлоропирамин,3213
1113,283812,хлоропирамин,хлоропирамин,3213
1114,283812,хлоропирамин,хлоропирамин,3213
1115,283812,хлоропирамин,хлоропирамин,3213
1116,283812,хлоропирамин,хлоропирамин,3213
1117,283812,хлоропирамин,хлоропирамин,3213
1118,283812,хлоропирамин,хлоропирамин,3213
1119,283812,хлоропирамин,хлоропирамин,3213
1120,283812,хлоропирамин,хлоропирамин,3213
1121,283812,хлоропирамин,хлоропирамин,3213
1122,283812,хлоропирамин,хлоропирамин,3213
1000,283812,хлоропирамин,хлоропирамин,3213
1001,283812,хлоропирамин,хлоропирамин,3213
1002,283812,хлоропирамин,хлоропирамин,3213
1003,283812,хлоропирамин,хлоропирамин,3213
1004,283812,хлоропирамин,хлоропирамин,3213
1005,283812,хлоропирамин,хлоропирамин,3213
1006,283812,хлоропирамин,хлоропирамин,3213
1007,283812,хлоропирамин,хлоропирамин,3213
1008,283812,хлоропирамин,хлоропирамин,3213
1009,283812,хлоропирамин,хлоропирамин,3213
1010,283812,хлоропирамин,хлоропирамин,3213
1011,283812,хлоропирамин,хлоропирамин,3213
1012,283812,хлоропирамин,хлоропирамин,3213
1013,283812,хлоропирамин,хлоропирамин,3213
1014,283812,хлоропирамин,хлоропирамин,3213
1015,283812,хлоропирамин,хлоропирамин,3213
1016,283812,хлоропирамин,хлоропирамин,3213
1017,283812,хлоропирамин,хлоропирамин,3213
1018,283812,хлоропирамин,хлоропирамин,3213
1019,283812,хлоропирамин,хлоропирамин,3213
1020,283812,хлоропирамин,хлоропирамин,3213
1021,283812,хлоропирамин,хлоропирамин,3213
1022,283812,хлоропирамин,хлоропирамин,3213
1023,283812,хлоропирамин,хлоропирамин,3213
1024,283812,хлоропирамин,хлоропирамин,3213
1025,283812,хлоропирамин,хлоропирамин,3213
1026,283812,хлоропирамин,хлоропирамин,3213
1027,283812,хлоропирамин,хлоропирамин,3213
1028,283812,хлоропирамин,хлоропирамин,3213
1029,283812,хлоропирамин,хлоропирамин,3213
1030,283812,хлоропирамин,хлоропирамин,3213
1031,283812,хлоропирамин,хлоропирамин,3213
1032,283812,хлоропирамин,хлоропирамин,3213
1033,283812,хлоропирамин,хлоропирамин,3213
1034,283812,хлоропирамин,хлоропирамин,3213
1035,283812,хлоропирамин,хлоропирамин,3213
1036,283812,хлоропирамин,хлоропирамин,3213
1037,283812,хлоропирамин,хлоропирамин,3213
1038,283812,хлоропирамин,хлоропирамин,3213
1039,283812,хлоропирамин,хлоропирамин,3213
1040,283812,хлоропирамин,хлоропирамин,3213
1041,283812,хлоропирамин,хлоропирамин,3213
1042,283812,хлоропирамин,хлоропирамин,3213
1043,283812,хлоропирамин,хлоропирамин,3213
1044,283812,хлоропирамин,хлоропирамин,3213
1045,283812,хлоропирамин,хлоропирамин,3213
1046,283812,хлоропирамин,хлоропирамин,3213
1047,283812,хлоропирамин,хлоропирамин,3213
1048,283812,хлоропирамин,хлоропирамин,3213
1049,283812,хлоропирамин,хлоропирамин,3213
1050,283812,хлоропирамин,хлоропирамин,3213
1051,283812,хлоропирамин,хлоропирамин,3213
1052,283812,хлоропирамин,хлоропирамин,3213
1053,283812,хлоропирамин,хлоропирамин,3213
1054,283812,хлоропирамин,хлоропирамин,3213
1055,283812,хлоропирамин,хлоропирамин,3213
1056,283812,хлоропирамин,хлоропирамин,3213
1057,283812,хлоропирамин,хлоропирамин,3213
1058,283812,хлоропирамин,хлоропирамин,3213
1059,283812,хлоропирамин,хлоропирамин,3213
1060,283812,хлоропирамин,хлоропирамин,3213
1061,283812,хлоропирамин,хлоропирамин,3213
1062,283812,хлоропирамин,хлоропирамин,3213
1063,283812,хлоропирамин,хлоропирамин,3213
1064,283812,хлоропирамин,хлоропирамин,3213
1065,283812,хлоропирамин,хлоропирамин,3213
1066,283812,хлоропирамин,хлоропирамин,3213
1067,283812,хлоропирамин,хлоропирамин,3213
1068,283812,хлоропирамин,хлоропирамин,3213
1069,283812,хлоропирамин,хлоропирамин,3213
1070,283812,хлоропирамин,хлоропирамин,3213
1071,283812,хлоропирамин,хлоропирамин,3213
1072,283812,хлоропирамин,хлоропирамин,3213
1073,283812,хлоропирамин,хлоропирамин,3213
1074,283812,хлоропирамин,хлоропирамин,3213
1075,283812,хлоропирамин,хлоропирамин,3213
1076,283812,хлоропирамин,хлоропирамин,3213
1077,283812,хлоропирамин,хлоропирамин,3213
1078,283812,хлоропирамин,хлоропирамин,3213
1079,283812,хлоропирамин,хлоропирамин,3213
1080,283812,хлоропирамин,хлоропирамин,3213
1081,283812,хлоропирамин,хлоропирамин,3213
1082,283812,хлоропирамин,хлоропирамин,3213
1083,283812,хлоропирамин,хлоропирамин,3213
1084,283812,хлоропирамин,хлоропирамин,3213
1085,283812,хлоропирамин,хлоропирамин,3213
1086,283812,хлоропирамин,хлоропирамин,3213
1087,283812,хлоропирамин,хлоропирамин,3213
1088,283812,хлоропирамин,хлоропирамин,3213
1089,283812,хлоропирамин,хлоропирамин,3213
1090,283812,хлоропирамин,хлоропирамин,3213
1091,283812,хлоропирамин,хлоропирамин,3213
1092,283812,хлоропирамин,хлоропирамин,3213
1093,283812,хлоропирамин,хлоропирамин,3213
1094,283812,хлоропирамин,хлоропирамин,3213
1095,283812,хлоропирамин,хлоропирамин,3213
1096,283812,хлоропирамин,хлоропирамин,3213
1097,283812,хлоропирамин,хлоропирамин,3213
1098,283812,хлоропирамин,хлоропирамин,3213
1099,283812,хлоропирамин,хлоропирамин,3213
1100,283812,хлоропирамин,хлоропирамин,3213
1101,283812,хлоропирамин,хлоропирамин,3213
1102,283812,хлоропирамин,хлоропирамин,3213
1103,283812,хлоропирамин,хлоропирамин,3213
1104,283812,хлоропирамин,хлоропирамин,3213
1105,283812,хлоропирамин,хлоропирамин,3213
1106,283812,хлоропирамин,хлоропирамин,3213
1107,283812,хлоропирамин,хлоропирамин,3213
1108,283812,хлоропирамин,хлоропирамин,3213
1109,283812,хлоропирамин,хлоропирамин,3213
1110,283812,хлоропирамин,хлоропирамин,3213
1111,283812,хлоропирамин,хлоропирамин,3213
1112,283812,хлоропирамин,хлоропирамин,3213
1113,283812,хлоропирамин,хлоропирамин,3213
1114,283812,хлоропирамин,хлоропирамин,3213
1115,283812,хлоропирамин,хлоропирамин,3213
1116,283812,хлоропирамин,хлоропирамин,3213
1117,283812,хлоропирамин,хлоропирамин,3213
1118,283812,хлоропирамин,хлоропирамин,3213
1119,283812,хлоропирамин,хлоропирамин,3213
1120,283812,хлоропирамин,хлоропирамин,3213
1121,283812,хлоропирамин,хлоропирамин,3213
1122,283812,хлоропирамин,хлоропирамин,3213
1000,283812,хлоропирамин,хлоропирамин,3213
1001,283812,хлоропирамин,хлоропирамин,3213
1002,283812,хлоропирамин,хлоропирамин,3213
1003,283812,хлоропирамин,хлоропирамин,3213
1004,283812,хлоропирамин,хлоропирамин,3213
1005,283812,хлоропирамин,хлоропирамин,3213
1006,283812,хлоропирамин,хлоропирамин,3213
1007,283812,хлоропирамин,хлоропирамин,3213
1008,283812,хлоропирамин,хлоропирамин,3213
1009,283812,хлоропирамин,хлоропирамин,3213
1010,283812,хлоропирамин,хлоропирамин,3213
1011,283812,хлоропирамин,хлоропирамин,3213
1012,283812,хлоропирамин,хлоропирамин,3213
1013,283812,хлоропирамин,хлоропирамин,3213
1014,283812,хлоропирамин,хлоропирамин,3213
1015,283812,хлоропирамин,хлоропирамин,3213
1016,283812,хлоропирамин,хлоропирамин,3213
1017,283812,хлоропирамин,хлоропирамин,3213
1018,283812,хлоропирамин,хлоропирамин,3213
1019,283812,хлоропирамин,хлоропирамин,3213
1020,283812,хлоропирамин,хлоропирамин,3213
1021,283812,хлоропирамин,хлоропирамин,3213
1022,283812,хлоропирамин,хлоропирамин,3213
1023,283812,хлоропирамин,хлоропирамин,3213
1024,283812,хлоропирамин,хлоропирамин,3213
1025,283812,хлоропирамин,хлоропирамин,3213
1026,283812,хлоропирамин,хлоропирамин,3213
1027,283812,хлоропирамин,хлоропирамин,3213
1028,283812,хлоропирамин,хлоропирамин,3213
1029,283812,хлоропирамин,хлоропирамин,3213
1030,283812,хлоропирамин,хлоропирамин,3213
1031,283812,хлоропирамин,хлоропирамин,3213
1032,283812,хлоропирамин,хлоропирамин,3213
1033,283812,хлоропирамин,хлоропирамин,3213
1034,283812,хлоропирамин,хлоропирамин,3213
1035,283812,хлоропирамин,хлоропирамин,3213
1036,283812,хлоропирамин,хлоропирамин,3213
1037,283812,хлоропирамин,хлоропирамин,3213
1038,283812,хлоропирамин,хлоропирамин,3213
1039,283812,хлоропирамин,хлоропирамин,3213
1040,283812,хлоропирамин,хлоропирамин,3213
1041,283812,хлоропирамин,хлоропирамин,3213
1042,283812,хлоропирамин,хлоропирамин,3213
1043,283812,хлоропирамин,хлоропирамин,3213
1044,283812,хлоропирамин,хлоропирамин,3213
1045,283812,хлоропирамин,хлоропирамин,3213
1046,283812,хлоропирамин,хлоропирамин,3213
1047,283812,хлоропирамин,хлоропирамин,3213
1048,283812,хлоропирамин,хлоропирамин,3213
1049,283812,хлоропирамин,хлоропирамин,3213
1050,283812,хлоропирамин,хлоропирамин,3213
1051,283812,хлоропирамин,хлоропирамин,3213
1052,283812,хлоропирамин,хлоропирамин,3213
1053,283812,хлоропирамин,хлоропирамин,3213
1054,283812,хлоропирамин,хлоропирамин,3213
1055,283812,хлоропирамин,хлоропирамин,3213
1056,283812,хлоропирамин,хлоропирамин,3213
1057,283812,хлоропирамин,хлоропирамин,3213
1058,283812,хлоропирамин,хлоропирамин,3213
1059,283812,хлоропирамин,хлоропирамин,3213
1060,283812,хлоропирамин,хлоропирамин,3213
1061,283812,хлоропирамин,хлоропирамин,3213
1062,283812,хлоропирамин,хлоропирамин,3213
1063,283812,хлоропирамин,хлоропирамин,3213
1064,283812,хлоропирамин,хлоропирамин,3213
1065,283812,хлоропирамин,хлоропирамин,3213
1066,283812,хлоропирамин,хлоропирамин,3213
1067,283812,хлоропирамин,хлоропирамин,3213
1068,283812,хлоропирамин,хлоропирамин,3213
1069,283812,хлоропирамин,хлоропирамин,3213
1070,283812,хлоропирамин,хлоропирамин,3213
1071,283812,хлоропирамин,хлоропирамин,3213
1072,283812,хлоропирамин,хлоропирамин,3213
1073,283812,хлоропирамин,хлоропирамин,3213
1074,283812,хлоропирамин,хлоропирамин,3213
1075,283812,хлоропирамин,хлоропирамин,3213
1076,283812,хлоропирамин,хлоропирамин,3213
1077,283812,хлоропирамин,хлоропирамин,3213
1078,283812,хлоропирамин,хлоропирамин,3213
1079,283812,хлоропирамин,хлоропирамин,3213
1080,283812,хлоропирамин,хлоропирамин,3213
1081,283812,хлоропирамин,хлоропирамин,3213
1082,283812,хлоропирамин,хлоропирамин,3213
1083,283812,хлоропирамин,хлоропирамин,3213
1084,283812,хлоропирамин,хлоропирамин,3213
1085,283812,хлоропирамин,хлоропирамин,3213
1086,283812,хлоропирамин,хлоропирамин,3213
1087,283812,хлоропирамин,хлоропирамин,3213
1088,283812,хлоропирамин,хлоропирамин,3213
1089,283812,хлоропирамин,хлоропирамин,3213
1090,283812,хлоропирамин,хлоропирамин,3213
1091,283812,хлоропирамин,хлоропирамин,3213
1092,283812,хлоропирамин,хлоропирамин,3213
1093,283812,хлоропирамин,хлоропирамин,3213
1094,283812,хлоропирамин,хлоропирамин,3213
1095,283812,хлоропирамин,хлоропирамин,3213
1096,283812,хлоропирамин,хлоропирамин,3213
1097,283812,хлоропирамин,хлоропирамин,3213
1098,283812,хлоропирамин,хлоропирамин,3213
1099,283812,хлоропирамин,хлоропирамин,3213
1100,283812,хлоропирамин,хлоропирамин,3213
1101,283812,хлоропирамин,хлоропирамин,3213
1102,283812,хлоропирамин,хлоропирамин,3213
1103,283812,хлоропирамин,хлоропирамин,3213
1104,283812,хлоропирамин,хлоропирамин,3213
1105,283812,хлоропирамин,хлоропирамин,3213
1106,283812,хлоропирамин,хлоропирамин,3213
1107,283812,хлоропирамин,хлоропирамин,3213
1108,283812,хлоропирамин,хлоропирамин,3213
1109,283812,хлоропирамин,хлоропирамин,3213
1110,283812,хлоропирамин,хлоропирамин,3213
1111,283812,хлоропирамин,хлоропирамин,3213
1112,283812,хлоропирамин,хлоропирамин,3213
1113,283812,хлоропирамин,хлоропирамин,3213
1114,283812,хлоропирамин,хлоропирамин,3213
1115,283812,хлоропирамин,хлоропирамин,3213
1116,283812,хлоропирамин,хлоропирамин,3213
1117,283812,хлоропирамин,хлоропирамин,3213
1118,283812,хлоропирамин,хлоропирамин,3213
1119,283812,хлоропирамин,хлоропирамин,3213
1120,283812,хлоропирамин,хлоропирамин,3213
1121,283812,хлоропирамин,хлоропирамин,3213
1122,283812,хлоропирамин,хлоропирамин,3213
1000,283812,хлоропирамин,хлоропирамин,3213
1001,283812,хлоропирамин,хлоропирамин,3213
1002,283812,хлоропирамин,хлоропирамин,3213
1003,283812,хлоропирамин,хлоропирамин,3213
1004,283812,хлоропирамин,хлоропирамин,3213
1005,283812,хлоропирамин,хлоропирамин,3213
1006,283812,хлоропирамин,хлоропирамин,3213
1007,283812,хлоропирамин,хлоропирамин,3213
1008,283812,хлоропирамин,хлоропирамин,3213
1009,283812,хлоропирамин,хлоропирамин,3213
1010,283812,хлоропирамин,хлоропирамин,3213
1011,283812,хлоропирамин,хлоропирамин,3213
1012,283812,хлоропирамин,хлоропирамин,3213
1013,283812,хлоропирамин,хлоропирамин,3213
1014,283812,хлоропирамин,хлоропирамин,3213
1015,283812,хлоропирамин,хлоропирамин,3213
1016,283812,хлоропирамин,хлоропирамин,3213
1017,283812,хлоропирамин,хлоропирамин,3213
1018,283812,хлоропирамин,хлоропирамин,3213
1019,283812,хлоропирамин,хлоропирамин,3213
1020,283812,хлоропирамин,хлоропирамин,3213
1021,283812,хлоропирамин,хлоропирамин,3213
1022,283812,хлоропирамин,хлоропирамин,3213
1023,283812,хлоропирамин,хлоропирамин,3213
1024,283812,хлоропирамин,хлоропирамин,3213
1025,283812,хлоропирамин,хлоропирамин,3213
1026,283812,хлоропирамин,хлоропирамин,3213
1027,283812,хлоропирамин,хлоропирамин,3213
1028,283812,хлоропирамин,хлоропирамин,3213
1029,283812,хлоропирамин,хлоропирамин,3213
1030,283812,хлоропирамин,хлоропирамин,3213
1031,283812,хлоропирамин,хлоропирамин,3213
1032,283812,хлоропирамин,хлоропирамин,3213
1033,283812,хлоропирамин,хлоропирамин,3213
1034,283812,хлоропирамин,хлоропирамин,3213
1035,283812,хлоропирамин,хлоропирамин,3213
1036,283812,хлоропирамин,хлоропирамин,3213
1037,283812,хлоропирамин,хлоропирамин,3213
1038,283812,хлоропирамин,хлоропирамин,3213
1039,283812,хлоропирамин,хлоропирамин,3213
1040,283812,хлоропирамин,хлоропирамин,3213
1041,283812,хлоропирамин,хлоропирамин,3213
1042,283812,хлоропирамин,хлоропирамин,3213
1043,283812,хлоропирамин,хлоропирамин,3213
1044,283812,хлоропирамин,хлоропирамин,3213
1045,283812,хлоропирамин,хлоропирамин,3213
1046,283812,хлоропирамин,хлоропирамин,3213
1047,283812,хлоропирамин,хлоропирамин,3213
1048,283812,хлоропирамин,хлоропирамин,3213
1049,283812,хлоропирамин,хлоропирамин,3213
1050,283812,хлоропирамин,хлоропирамин,3213
1051,283812,хлоропирамин,хлоропирамин,3213
1052,283812,хлоропирамин,хлоропирамин,3213
1053,283812,хлоропирамин,хлоропирамин,3213
1054,283812,хлоропирамин,хлоропирамин,3213
1055,283812,хлоропирамин,хлоропирамин,3213
1056,283812,хлоропирамин,хлоропирамин,3213
1057,283812,хлоропирамин,хлоропирамин,3213
1058,283812,хлоропирамин,хлоропирамин,3213
1059,283812,хлоропирамин,хлоропирамин,3213
1060,283812,хлоропирамин,хлоропирамин,3213
1061,283812,хлоропирамин,хлоропирамин,3213
1062,283812,хлоропирамин,хлоропирамин,3213
1063,283812,хлоропирамин,хлоропирамин,3213
1064,283812,хлоропирамин,хлоропирамин,3213
1065,283812,хлоропирамин,хлоропирамин,3213
1066,283812,хлоропирамин,хлоропирамин,3213
1067,283812,хлоропирамин,хлоропирамин,3213
1068,283812,хлоропирамин,хлоропирамин,3213
1069,283812,хлоропирамин,хлоропирамин,3213
1070,283812,хлоропирамин,хлоропирамин,3213
1071,283812,хлоропирамин,хлоропирамин,3213
1072,283812,хлоропирамин,хлоропирамин,3213
1073,283812,хлоропирамин,хлоропирамин,3213
1074,283812,хлоропирамин,хлоропирамин,3213
1075,283812,хлоропирамин,хлоропирамин,3213
1076,283812,хлоропирамин,хлоропирамин,3213
1077,283812,хлоропирамин,хлоропирамин,3213
1078,283812,хлоропирамин,хлоропирамин,3213
1079,283812,хлоропирамин,хлоропирамин,3213
1080,283812,хлоропирамин,хлоропирамин,3213
1081,283812,хлоропирамин,хлоропирамин,3213
1082,283812,хлоропирамин,хлоропирамин,3213
1083,283812,хлоропирамин,хлоропирамин,3213
1084,283812,хлоропирамин,хлоропирамин,3213
1085,283812,хлоропирамин,хлоропирамин,3213
1086,283812,хлоропирамин,хлоропирамин,3213
1087,283812,хлоропирамин,хлоропирамин,3213
1088,283812,хлоропирамин,хлоропирамин,3213
1089,283812,хлоропирамин,хлоропирамин,3213
1090,283812,хлоропирамин,хлоропирамин,3213
1091,283812,хлоропирамин,хлоропирамин,3213
1092,283812,хлоропирамин,хлоропирамин,3213
1093,283812,хлоропирамин,хлоропирамин,3213
1094,283812,хлоропирамин,хлоропирамин,3213
1095,283812,хлоропирамин,хлоропирамин,3213
1096,283812,хлоропирамин,хлоропирамин,3213
1097,283812,хлоропирамин,хлоропирамин,3213
1098,283812,хлоропирамин,хлоропирамин,3213
1099,283812,хлоропирамин,хлоропирамин,3213
1100,283812,хлоропирамин,хлоропирамин,3213
1101,283812,хлоропирамин,хлоропирамин,3213
1102,283812,хлоропирамин,хлоропирамин,3213
1103,283812,хлоропирамин,хлоропирамин,3213
1104,283812,хлоропирамин,хлоропирамин,3213
1105,283812,хлоропирамин,хлоропирамин,3213
1106,283812,хлоропирамин,хлоропирамин,3213
1107,283812,хлоропирамин,хлоропирамин,3213
1108,283812,хлоропирамин,хлоропирамин,3213
1109,283812,хлоропирамин,хлоропирамин,3213
1110,283812,хлоропирамин,хлоропирамин,3213
1111,283812,хлоропирамин,хлоропирамин,3213
1112,283812,хлоропирамин,хлоропирамин,3213
1113,283812,хлоропирамин,хлоропирамин,3213
1114,283812,хлоропирамин,хлоропирамин,3213
1115,283812,хлоропирамин,хлоропирамин,3213
1116,283812,хлоропирамин,хлоропирамин,3213
1117,283812,хлоропирамин,хлоропирамин,3213
1118,283812,хлоропирамин,хлоропирамин,3213
1119,283812,хлоропирамин,хлоропирамин,3213
1120,283812,хлоропирамин,хлоропирамин,3213
1121,283812,хлоропирамин,хлоропирамин,3213
1122,283812,хлоропирамин,хлоропирамин,3213
1000,283812,хлоропирамин,хлоропирамин,3213
1001,283812,хлоропирамин,хлоропирамин,3213
1002,283812,хлоропирамин,хлоропирамин,3213
1003,283812,хлоропирамин,хлоропирамин,3213
1004,283812,хлоропирамин,хлоропирамин,3213
1005,283812,хлоропирамин,хлоропирамин,3213
1006,283812,хлоропирамин,хлоропирамин,3213
1007,283812,хлоропирамин,хлоропирамин,3213
1008,283812,хлоропирамин,хлоропирамин,3213
1009,283812,хлоропирамин,хлоропирамин,3213
1010,283812,хлоропирамин,хлоропирамин,3213
1011,283812,хлоропирамин,хлоропирамин,3213
1012,283812,хлоропирамин,хлоропирамин,3213
1013,283812,хлоропирамин,хлоропирамин,3213
1014,283812,хлоропирамин,хлоропирамин,3213
1015,283812,хлоропирамин,хлоропирамин,3213
1016,283812,хлоропирамин,хлоропирамин,3213
1017,283812,хлоропирамин,хлоропирамин,3213
1018,283812,хлоропирамин,хлоропирамин,3213
1019,283812,хлоропирамин,хлоропирамин,3213
1020,283812,хлоропирамин,хлоропирамин,3213
1021,283812,хлоропирамин,хлоропирамин,3213
1022,283812,хлоропирамин,хлоропирамин,3213
1023,283812,хлоропирамин,хлоропирамин,3213
1024,283812,хлоропирамин,хлоропирамин,3213
1025,283812,хлоропирамин,хлоропирамин,3213
1026,283812,хлоропирамин,хлоропирамин,3213
1027,283812,хлоропирамин,хлоропирамин,3213
1028,283812,хлоропирамин,хлоропирамин,3213
1029,283812,хлоропирамин,хлоропирамин,3213
1030,283812,хлоропирамин,хлоропирамин,3213
1031,283812,хлоропирамин,хлоропирамин,3213
1032,283812,хлоропирамин,хлоропирамин,3213
1033,283812,хлоропирамин,хлоропирамин,3213
1034,283812,хлоропирамин,хлоропирамин,3213
1035,283812,хлоропирамин,хлоропирамин,3213
1036,283812,хлоропирамин,хлоропирамин,3213
1037,283812,хлоропирамин,хлоропирамин,3213
1038,283812,хлоропирамин,хлоропирамин,3213
1039,283812,хлоропирамин,хлоропирамин,3213
1040,283812,хлоропирамин,хлоропирамин,3213
1041,283812,хлоропирамин,хлоропирамин,3213
1042,283812,хлоропирамин,хлоропирамин,3213
1043,283812,хлоропирамин,хлоропирамин,3213
1044,283812,хлоропирамин,хлоропирамин,3213
1045,283812,хлоропирамин,хлоропирамин,3213
1046,283812,хлоропирамин,хлоропирамин,3213
1047,283812,хлоропирамин,хлоропирамин,3213
1048,283812,хлоропирамин,хлоропирамин,3213
1049,283812,хлоропирамин,хлоропирамин,3213
1050,283812,хлоропирамин,хлоропирамин,3213
1051,283812,хлоропирамин,хлоропирамин,3213
1052,283812,хлоропирамин,хлоропирамин,3213
1053,283812,хлоропирамин,хлоропирамин,3213
1054,283812,хлоропирамин,хлоропирамин,3213
1055,283812,хлоропирамин,хлоропирамин,3213
1056,283812,хлоропирамин,хлоропирамин,3213
1057,283812,хлоропирамин,хлоропирамин,3213
1058,283812,хлоропирамин,хлоропирамин,3213
1059,283812,хлоропирамин,хлоропирамин,3213
1060,283812,хлоропирамин,хлоропирамин,3213
1061,283812,хлоропирамин,хлоропирамин,3213
1062,283812,хлоропирамин,хлоропирамин,3213
1063,283812,хлоропирамин,хлоропирамин,3213
1064,283812,хлоропирамин,хлоропирамин,3213
1065,283812,хлоропирамин,хлоропирамин,3213
1066,283812,хлоропирамин,хлоропирамин,3213
1067,283812,хлоропирамин,хлоропирамин,3213
1068,283812,хлоропирамин,хлоропирамин,3213
1069,283812,хлоропирамин,хлоропирамин,3213
1070,283812,хлоропирамин,хлоропирамин,3213
1071,283812,хлоропирамин,хлоропирамин,3213
1072,283812,хлоропирамин,хлоропирамин,3213
1073,283812,хлоропирамин,хлоропирамин,3213
1074,283812,хлоропирамин,хлоропирамин,3213
1075,283812,хлоропирамин,хлоропирамин,3213
1076,283812,хлоропирамин,хлоропирамин,3213
1077,283812,хлоропирамин,хлоропирамин,3213
1078,283812,хлоропирамин,хлоропирамин,3213
1079,283812,хлоропирамин,хлоропирамин,3213
1080,283812,хлоропирамин,хлоропирамин,3213
1081,283812,хлоропирамин,хлоропирамин,3213
1082,283812,хлоропирамин,хлоропирамин,3213
1083,283812,хлоропирамин,хлоропирамин,3213
1084,283812,хлоропирамин,хлоропирамин,3213
1085,283812,хлоропирамин,хлоропирамин,3213
1086,283812,хлоропирамин,хлоропирамин,3213
1087,283812,хлоропирамин,хлоропирамин,3213
1088,283812,хлоропирамин,хлоропирамин,3213
1089,283812,хлоропирамин,хлоропирамин,3213
1090,283812,хлоропирамин,хлоропирамин,3213
1091,283812,хлоропирамин,хлоропирамин,3213
1092,283812,хлоропирамин,хлоропирамин,3213
1093,283812,хлоропирамин,хлоропирамин,3213
1094,283812,хлоропирамин,хлоропирамин,3213
1095,283812,хлоропирамин,хлоропирамин,3213
1096,283812,хлоропирамин,хлоропирамин,3213
1097,283812,хлоропирамин,хлоропирамин,3213
1098,283812,хлоропирамин,хлоропирамин,3213
1099,283812,хлоропирамин,хлоропирамин,3213
1100,283812,хлоропирамин,хлоропирамин,3213
1101,283812,хлоропирамин,хлоропирамин,3213
1102,283812,хлоропирамин,хлоропирамин,3213
1103,283812,хлоропирамин,хлоропирамин,3213
1104,283812,хлоропирамин,хлоропирамин,3213
1105,283812,хлоропирамин,хлоропирамин,3213
1106,283812,хлоропирамин,хлоропирамин,3213
1107,283812,хлоропирамин,хлоропирамин,3213
1108,283812,хлоропирамин,хлоропирамин,3213
1109,283812,хлоропирамин,хлоропирамин,3213
1110,283812,хлоропирамин,хлоропирамин,3213
1111,283812,хлоропирамин,хлоропирамин,3213
1112,283812,хлоропирамин,хлоропирамин,3213
1113,283812,хлоропирамин,хлоропирамин,3213
1114,283812,хлоропирамин,хлоропирамин,3213
1115,283812,хлоропирамин,хлоропирамин,3213
1116,283812,хлоропирамин,хлоропирамин,3213
1117,283812,хлоропирамин,хлоропирамин,3213
1118,283812,хлоропирамин,хлоропирамин,3213
1119,283812,хлоропирамин,хлоропирамин,3213
1120,283812,хлоропирамин,хлоропирамин,3213
1121,283812,хлоропирамин,хлоропирамин,3213
1122,283812,хлоропирамин,хлоропирамин,3213
1000,283812,хлоропирамин,хлоропирамин,3213
1001,283812,хлоропирамин,хлоропирамин,3213
1002,283812,хлоропирамин,хлоропирамин,3213
1003,283812,хлоропирамин,хлоропирамин,3213
1004,283812,хлоропирамин,хлоропирамин,3213
1005,283812,хлоропирамин,хлоропирамин,3213
1006,283812,хлоропирамин,хлоропирамин,3213
1007,283812,хлоропирамин,хлоропирамин,3213
1008,283812,хлоропирамин,хлоропирамин,3213
1009,283812,хлоропирамин,хлоропирамин,3213
1010,283812,хлоропирамин,хлоропирамин,3213
1011,283812,хлоропирамин,хлоропирамин,3213
1012,283812,хлоропирамин,хлоропирамин,3213
1013,283812,хлоропирамин,хлоропирамин,3213
1014,283812,хлоропирамин,хлоропирамин,3213
1015,283812,хлоропирамин,хлоропирамин,3213
1016,283812,хлоропирамин,хлоропирамин,3213
1017,283812,хлоропирамин,хлоропирамин,3213
1018,283812,хлоропирамин,хлоропирамин,3213
1019,283812,хлоропирамин,хлоропирамин,3213
1020,283812,хлоропирамин,хлоропирамин,3213
1021,283812,хлоропирамин,хлоропирамин,3213
1022,283812,хлоропирамин,хлоропирамин,3213
1023,283812,хлоропирамин,хлоропирамин,3213
1024,283812,хлоропирамин,хлоропирамин,3213
1025,283812,хлоропирамин,хлоропирамин,3213
1026,283812,хлоропирамин,хлоропирамин,3213
1027,283812,хлоропирамин,хлоропирамин,3213
1028,283812,хлоропирамин,хлоропирамин,3213
1029,283812,хлоропирамин,хлоропирамин,3213
1030,283812,хлоропирамин,хлоропирамин,3213
1031,283812,хлоропирамин,хлоропирамин,3213
1032,283812,хлоропирамин,хлоропирамин,3213
1033,283812,хлоропирамин,хлоропирамин,3213
1034,283812,хлоропирамин,хлоропирамин,3213
1035,283812,хлоропирамин,хлоропирамин,3213
1036,283812,хлоропирамин,хлоропирамин,3213
1037,283812,хлоропирамин,хлоропирамин,3213
1038,283812,хлоропирамин,хлоропирамин,3213
1039,283812,хлоропирамин,хлоропирамин,3213
1040,283812,хлоропирамин,хлоропирамин,3213
1041,283812,хлоропирамин,хлоропирамин,3213
1042,283812,хлоропирамин,хлоропирамин,3213
1043,283812,хлоропирамин,хлоропирамин,3213
1044,283812,хлоропирамин,хлоропирамин,3213
1045,283812,хлоропирамин,хлоропирамин,3213
1046,283812,хлоропирамин,хлоропирамин,3213
1047,283812,хлоропирамин,хлоропирамин,3213
1048,283812,хлоропирамин,хлоропирамин,3213
1049,283812,хлоропирамин,хлоропирамин,3213
1050,283812,хлоропирамин,хлоропирамин,3213
1051,283812,хлоропирамин,хлоропирамин,3213
1052,283812,хлоропирамин,хлоропирамин,3213
1053,283812,хлоропирамин,хлоропирамин,3213
1054,283812,хлоропирамин,хлоропирамин,3213
1055,283812,хлоропирамин,хлоропирамин,3213
1056,283812,хлоропирамин,хлоропирамин,3213
1057,283812,хлоропирамин,хлоропирамин,3213
1058,283812,хлоропирамин,хлоропирамин,3213
1059,283812,хлоропирамин,хлоропирамин,3213
1060,283812,хлоропирамин,хлоропирамин,3213
1061,283812,хлоропирамин,хлоропирамин,3213
1062,283812,хлоропирамин,хлоропирамин,3213
1063,283812,хлоропирамин,хлоропирамин,3213
1064,283812,хлоропирамин,хлоропирамин,3213
1065,283812,хлоропирамин,хлоропирамин,3213
1066,283812,хлоропирамин,хлоропирамин,3213
1067,283812,хлоропирамин,хлоропирамин,3213
1068,283812,хлоропирамин,хлоропирамин,3213
1069,283812,хлоропирамин,хлоропирамин,3213
1070,283812,хлоропирамин,хлоропирамин,3213
1071,283812,хлоропирамин,хлоропирамин,3213
1072,283812,хлоропирамин,хлоропирамин,3213
1073,283812,хлоропирамин,хлоропирамин,3213
1074,283812,хлоропирамин,хлоропирамин,3213
1075,283812,хлоропирамин,хлоропирамин,3213
1076,283812,хлоропирамин,хлоропирамин,3213
1077,283812,хлоропирамин,хлоропирамин,3213
1078,283812,хлоропирамин,хлоропирамин,3213
1079,283812,хлоропирамин,хлоропирамин,3213
1080,283812,хлоропирамин,хлоропирамин,3213
1081,283812,хлоропирамин,хлоропирамин,3213
1082,283812,хлоропирамин,хлоропирамин,3213
1083,283812,хлоропирамин,хлоропирамин,3213
1084,283812,хлоропирамин,хлоропирамин,3213
1085,283812,хлоропирамин,хлоропирамин,3213
1086,283812,хлоропирамин,хлоропирамин,3213
1087,283812,хлоропирамин,хлоропирамин,3213
1088,283812,хлоропирамин,хлоропирамин,3213
1089,283812,хлоропирамин,хлоропирамин,3213
1090,283812,хлоропирамин,хлоропирамин,3213
1091,283812,хлоропирамин,хлоропирамин,3213
1092,283812,хлоропирамин,хлоропирамин,3213
1093,283812,хлоропирамин,хлоропирамин,3213
1094,283812,хлоропирамин,хлоропирамин,3213
1095,283812,хлоропирамин,хлоропирамин,3213
1096,283812,хлоропирамин,хлоропирамин,3213
1097,283812,хлоропирамин,хлоропирамин,3213
1098,283812,хлоропирамин,хлоропирамин,3213
1099,283812,хлоропирамин,хлоропирамин,3213
1100,283812,хлоропирамин,хлоропирамин,3213
1101,283812,хлоропирамин,хлоропирамин,3213
1102,283812,хлоропирамин,хлоропирамин,3213
1103,283812,хлоропирамин,хлоропирамин,3213
1104,283812,хлоропирамин,хлоропирамин,3213
1105,283812,хлоропирамин,хлоропирамин,3213
1106,283812,хлоропирамин,хлоропирамин,3213
1107,283812,хлоропирамин,хлоропирамин,3213
1108,283812,хлоропирамин,хлоропирамин,3213
1109,283812,хлоропирамин,хлоропирамин,3213
1110,283812,хлоропирамин,хлоропирамин,3213
1111,283812,хлоропирамин,хлоропирамин,3213
1112,283812,хлоропирамин,хлоропирамин,3213
1113,283812,хлоропирамин,хлоропирамин,3213
1114,283812,хлоропирамин,хлоропирамин,3213
1115,283812,хлоропирамин,хлоропирамин,3213
1116,283812,хлоропирамин,хлоропирамин,3213
1117,283812,хлоропирамин,хлоропирамин,3213
1118,283812,хлоропирамин,хлоропирамин,3213
1119,283812,хлоропирамин,хлоропирамин,3213
1120,283812,хлоропирамин,хлоропирамин,3213
1121,283812,хлоропирамин,хлоропирамин,3213
1122,283812,хлоропирамин,хлоропирамин,3213
1134,283812,хлоропирамин,хлоропирамин,3213
1135,283812,хлоропирамин,хлоропирамин,3213
1136,283812,хлоропирамин,хлоропирамин,3213
1137,283812,хлоропирамин,хлоропирамин,3213
1138,283812,хлоропирамин,хлоропирамин,3213
1139,283812,хлоропирамин,хлоропирамин,3213
1140,283812,хлоропирамин,хлоропирамин,3213
1141,283812,хлоропирамин,хлоропирамин,3213
1142,283812,хлоропирамин,хлоропирамин,3213
1000,283812,хлоропирамин,хлоропирамин,3213
1001,283812,хлоропирамин,хлоропирамин,3213
1002,283812,хлоропирамин,хлоропирамин,3213
1003,283812,хлоропирамин,хлоропирамин,3213
1004,283812,хлоропирамин,хлоропирамин,3213
1005,283812,хлоропирамин,хлоропирамин,3213
1006,283812,хлоропирамин,хлоропирамин,3213
1007,283812,хлоропирамин,хлоропирамин,3213
1008,283812,хлоропирамин,хлоропирамин,3213
1009,283812,хлоропирамин,хлоропирамин,3213
1010,283812,хлоропирамин,хлоропирамин,3213
1011,283812,хлоропирамин,хлоропирамин,3213
1012,283812,хлоропирамин,хлоропирамин,3213
1013,283812,хлоропирамин,хлоропирамин,3213
1014,283812,хлоропирамин,хлоропирамин,3213
1015,283812,хлоропирамин,хлоропирамин,3213
1016,283812,хлоропирамин,хлоропирамин,3213
1017,283812,хлоропирамин,хлоропирамин,3213
1018,283812,хлоропирамин,хлоропирамин,3213
1019,283812,хлоропирамин,хлоропирамин,3213
1020,283812,хлоропирамин,хлоропирамин,3213
1021,283812,хлоропирамин,хлоропирамин,3213
1022,283812,хлоропирамин,хлоропирамин,3213
1023,283812,хлоропирамин,хлоропирамин,3213
1024,283812,хлоропирамин,хлоропирамин,3213
1025,283812,хлоропирамин,хлоропирамин,3213
1026,283812,хлоропирамин,хлоропирамин,3213
1027,283812,хлоропирамин,хлоропирамин,3213
1028,283812,хлоропирамин,хлоропирамин,3213
1029,283812,хлоропирамин,хлоропирамин,3213
1030,283812,хлоропирамин,хлоропирамин,3213
1031,283812,хлоропирамин,хлоропирамин,3213
1032,283812,хлоропирамин,хлоропирамин,3213
1033,283812,хлоропирамин,хлоропирамин,3213
1034,283812,хлоропирамин,хлоропирамин,3213
1035,283812,хлоропирамин,хлоропирамин,3213
1036,283812,хлоропирамин,хлоропирамин,3213
1037,283812,хлоропирамин,хлоропирамин,3213
1038,283812,хлоропирамин,хлоропирамин,3213
1039,283812,хлоропирамин,хлоропирамин,3213
1040,283812,хлоропирамин,хлоропирамин,3213
1041,283812,хлоропирамин,хлоропирамин,3213
1042,283812,хлоропирамин,хлоропирамин,3213
1043,283812,хлоропирамин,хлоропирамин,3213
1044,283812,хлоропирамин,хлоропирамин,3213
1045,283812,хлоропирамин,хлоропирамин,3213
1046,283812,хлоропирамин,хлоропирамин,3213
1047,283812,хлоропирамин,хлоропирамин,3213
1048,283812,хлоропирамин,хлоропирамин,3213
1049,283812,хлоропирамин,хлоропирамин,3213
1050,283812,хлоропирамин,хлоропирамин,3213
1051,283812,хлоропирамин,хлоропирамин,3213
1052,283812,хлоропирамин,хлоропирамин,3213
1053,283812,хлоропирамин,хлоропирамин,3213
1054,283812,хлоропирамин,хлоропирамин,3213
1055,283812,хлоропирамин,хлоропирамин,3213
1056,283812,хлоропирамин,хлоропирамин,3213
1057,283812,хлоропирамин,хлоропирамин,3213
1058,283812,хлоропирамин,хлоропирамин,3213
1059,283812,хлоропирамин,хлоропирамин,3213
1060,283812,хлоропирамин,хлоропирамин,3213
1061,283812,хлоропирамин,хлоропирамин,3213
1062,283812,хлоропирамин,хлоропирамин,3213
1063,283812,хлоропирамин,хлоропирамин,3213
1064,283812,хлоропирамин,хлоропирамин,3213
1065,283812,хлоропирамин,хлоропирамин,3213
1066,283812,хлоропирамин,хлоропирамин,3213
1067,283812,хлоропирамин,хлоропирамин,3213
1068,283812,хлоропирамин,хлоропирамин,3213
1069,283812,хлоропирамин,хлоропирамин,3213
1070,283812,хлоропирамин,хлоропирамин,3213
1071,283812,хлоропирамин,хлоропирамин,3213
1072,283812,хлоропирамин,хлоропирамин,3213
1073,283812,хлоропирамин,хлоропирамин,3213
1074,283812,хлоропирамин,хлоропирамин,3213
1075,283812,хлоропирамин,хлоропирамин,3213
1076,283812,хлоропирамин,хлоропирамин,3213
1077,283812,хлоропирамин,хлоропирамин,3213
1078,283812,хлоропирамин,хлоропирамин,3213
1079,283812,хлоропирамин,хлоропирамин,3213
1080,283812,хлоропирамин,хлоропирамин,3213
1081,283812,хлоропирамин,хлоропирамин,3213
1082,283812,хлоропирамин,хлоропирамин,3213
1083,283812,хлоропирамин,хлоропирамин,3213
1084,283812,хлоропирамин,хлоропирамин,3213
1085,283812,хлоропирамин,хлоропирамин,3213
1086,283812,хлоропирамин,хлоропирамин,3213
1087,283812,хлоропирамин,хлоропирамин,3213
1088,283812,хлоропирамин,хлоропирамин,3213
1089,283812,хлоропирамин,хлоропирамин,3213
1090,283812,хлоропирамин,хлоропирамин,3213
1091,283812,хлоропирамин,хлоропирамин,3213
1092,283812,хлоропирамин,хлоропирамин,3213
1093,283812,хлоропирамин,хлоропирамин,3213
1094,283812,хлоропирамин,хлоропирамин,3213
1095,283812,хлоропирамин,хлоропирамин,3213
1096,283812,хлоропирамин,хлоропирамин,3213
1097,283812,хлоропирамин,хлоропирамин,3213
1098,283812,хлоропирамин,хлоропирамин,3213
1099,283812,хлоропирамин,хлоропирамин,3213
1100,283812,хлоропирамин,хлоропирамин,3213
1101,283812,хлоропирамин,хлоропирамин,3213
1102,283812,хлоропирамин,хлоропирамин,3213
1103,283812,хлоропирамин,хлоропирамин,3213
1104,283812,хлоропирамин,хлоропирамин,3213
1105,283812,хлоропирамин,хлоропирамин,3213
1106,283812,хлоропирамин,хлоропирамин,3213
1107,283812,хлоропирамин,хлоропирамин,3213
1108,283812,хлоропирамин,хлоропирамин,3213
1109,283812,хлоропирамин,хлоропирамин,3213
1110,283812,хлоропирамин,хлоропирамин,3213
1111,283812,хлоропирамин,хлоропирамин,3213
1112,283812,хлоропирамин,хлоропирамин,3213
1113,283812,хлоропирамин,хлоропирамин,3213
1114,283812,хлоропирамин,хлоропирамин,3213
1115,283812,хлоропирамин,хлоропирамин,3213
1116,283812,хлоропирамин,хлоропирамин,3213
1117,283812,хлоропирамин,хлоропирамин,3213
1118,283812,хлоропирамин,хлоропирамин,3213
1119,283812,хлоропирамин,хлоропирамин,3213
1120,283812,хлоропирамин,хлоропирамин,3213
1121,283812,хлоропирамин,хлоропирамин,3213
1122,283812,хлоропирамин,хлоропирамин,3213
1000,283812,хлоропирамин,хлоропирамин,3213
1001,283812,хлоропирамин,хлоропирамин,3213
1002,283812,хлоропирамин,хлоропирамин,3213
1003,283812,хлоропирамин,хлоропирамин,3213
1004,283812,хлоропирамин,хлоропирамин,3213
1005,283812,хлоропирамин,хлоропирамин,3213
1006,283812,хлоропирамин,хлоропирамин,3213
1007,283812,хлоропирамин,хлоропирамин,3213
1008,283812,хлоропирамин,хлоропирамин,3213
1009,283812,хлоропирамин,хлоропирамин,3213
1010,283812,хлоропирамин,хлоропирамин,3213
1011,283812,хлоропирамин,хлоропирамин,3213
1012,283812,хлоропирамин,хлоропирамин,3213
1013,283812,хлоропирамин,хлоропирамин,3213
1014,283812,хлоропирамин,хлоропирамин,3213
1015,283812,хлоропирамин,хлоропирамин,3213
1016,283812,хлоропирамин,хлоропирамин,3213
1017,283812,хлоропирамин,хлоропирамин,3213
1018,283812,хлоропирамин,хлоропирамин,3213
1019,283812,хлоропирамин,хлоропирамин,3213
1020,283812,хлоропирамин,хлоропирамин,3213
1021,283812,хлоропирамин,хлоропирамин,3213
1022,283812,хлоропирамин,хлоропирамин,3213
1023,283812,хлоропирамин,хлоропирамин,3213
1024,283812,хлоропирамин,хлоропирамин,3213
1025,283812,хлоропирамин,хлоропирамин,3213
1026,283812,хлоропирамин,хлоропирамин,3213
1027,283812,хлоропирамин,хлоропирамин,3213
1028,283812,хлоропирамин,хлоропирамин,3213
1029,283812,хлоропирамин,хлоропирамин,3213
1030,283812,хлоропирамин,хлоропирамин,3213
1031,283812,хлоропирамин,хлоропирамин,3213
1032,283812,хлоропирамин,хлоропирамин,3213
1033,283812,хлоропирамин,хлоропирамин,3213
1034,283812,хлоропирамин,хлоропирамин,3213
1035,283812,хлоропирамин,хлоропирамин,3213
1036,283812,хлоропирамин,хлоропирамин,3213
1037,283812,хлоропирамин,хлоропирамин,3213
1038,283812,хлоропирамин,хлоропирамин,3213
1039,283812,хлоропирамин,хлоропирамин,3213
1040,283812,хлоропирамин,хлоропирамин,3213
1041,283812,хлоропирамин,хлоропирамин,3213
1042,283812,хлоропирамин,хлоропирамин,3213
1043,283812,хлоропирамин,хлоропирамин,3213
1044,283812,хлоропирамин,хлоропирамин,3213
1045,283812,хлоропирамин,хлоропирамин,3213
1046,283812,хлоропирамин,хлоропирамин,3213
1047,283812,хлоропирамин,хлоропирамин,3213
1048,283812,хлоропирамин,хлоропирамин,3213
1049,283812,хлоропирамин,хлоропирамин,3213
1050,283812,хлоропирамин,хлоропирамин,3213
1051,283812,хлоропирамин,хлоропирамин,3213
1052,283812,хлоропирамин,хлоропирамин,3213
1053,283812,хлоропирамин,хлоропирамин,3213
1054,283812,хлоропирамин,хлоропирамин,3213
1055,283812,хлоропирамин,хлоропирамин,3213
1056,283812,хлоропирамин,хлоропирамин,3213
1057,283812,хлоропирамин,хлоропирамин,3213
1058,283812,хлоропирамин,хлоропирамин,3213
1059,283812,хлоропирамин,хлоропирамин,3213
1060,283812,хлоропирамин,хлоропирамин,3213
1061,283812,хлоропирамин,хлоропирамин,3213
1062,283812,хлоропирамин,хлоропирамин,3213
1063,283812,хлоропирамин,хлоропирамин,3213
1064,283812,хлоропирамин,хлоропирамин,3213
1065,283812,хлоропирамин,хлоропирамин,3213
1066,283812,хлоропирамин,хлоропирамин,3213
1067,283812,хлоропирамин,хлоропирамин,3213
1068,283812,хлоропирамин,хлоропирамин,3213
1069,283812,хлоропирамин,хлоропирамин,3213
1070,283812,хлоропирамин,хлоропирамин,3213
1071,283812,хлоропирамин,хлоропирамин,3213
1072,283812,хлоропирамин,хлоропирамин,3213
1073,283812,хлоропирамин,хлоропирамин,3213
1074,283812,хлоропирамин,хлоропирамин,3213
1075,283812,хлоропирамин,хлоропирамин,3213
1076,283812,хлоропирамин,хлоропирамин,3213
1077,283812,хлоропирамин,хлоропирамин,3213
1078,283812,хлоропирамин,хлоропирамин,3213
1079,283812,хлоропирамин,хлоропирамин,3213
1080,283812,хлоропирамин,хлоропирамин,3213
1081,283812,хлоропирамин,хлоропирамин,3213
1082,283812,хлоропирамин,хлоропирамин,3213
1083,283812,хлоропирамин,хлоропирамин,3213
1084,283812,хлоропирамин,хлоропирамин,3213
1085,283812,хлоропирамин,хлоропирамин,3213
1086,283812,хлоропирамин,хлоропирамин,3213
1087,283812,хлоропирамин,хлоропирамин,3213
1088,283812,хлоропирамин,хлоропирамин,3213
1089,283812,хлоропирамин,хлоропирамин,3213
1090,283812,хлоропирамин,хлоропирамин,3213
1091,283812,хлоропирамин,хлоропирамин,3213
1092,283812,хлоропирамин,хлоропирамин,3213
1093,283812,хлоропирамин,хлоропирамин,3213
1094,283812,хлоропирамин,хлоропирамин,3213
1095,283812,хлоропирамин,хлоропирамин,3213
1096,283812,хлоропирамин,хлоропирамин,3213
1097,283812,хлоропирамин,хлоропирамин,3213
1098,283812,хлоропирамин,хлоропирамин,3213
1099,283812,хлоропирамин,хлоропирамин,3213
1100,283812,хлоропирамин,хлоропирамин,3213
1101,283812,хлоропирамин,хлоропирамин,3213
1102,283812,хлоропирамин,хлоропирамин,3213
1103,283812,хлоропирамин,хлоропирамин,3213
1104,283812,хлоропирамин,хлоропирамин,3213
1105,283812,хлоропирамин,хлоропирамин,3213
1106,283812,хлоропирамин,хлоропирамин,3213
1107,283812,хлоропирамин,хлоропирамин,3213
1108,283812,хлоропирамин,хлоропирамин,3213
1109,283812,хлоропирамин,хлоропирамин,3213
1110,283812,хлоропирамин,хлоропирамин,3213
1111,283812,хлоропирамин,хлоропирамин,3213
1112,283812,хлоропирамин,хлоропирамин,3213
1113,283812,хлоропирамин,хлоропирамин,3213
1114,283812,хлоропирамин,хлоропирамин,3213
1115,283812,хлоропирамин,хлоропирамин,3213
1116,283812,хлоропирамин,хлоропирамин,3213
1117,283812,хлоропирамин,хлоропирамин,3213
1118,283812,хлоропирамин,хлоропирамин,3213
1119,283812,хлоропирамин,хлоропирамин,3213
1120,283812,хлоропирамин,хлоропирамин,3213
